Category,Factors,Score G1,Score G2,Score G3,Score G4,Score G5,Score G6,Score G7,Score G8,Score G9,Err Low G1,Err Low G2,Err Low G3,Err Low G4,Err Low G5,Err Low G6,Err Low G7,Err Low G8,Err Low G9,Err High G1,Err High G2,Err High G3,Err High G4,Err High G5,Err High G6,Err High G7,Err High G8,Err High G9
Often Care Adult,0,-0.0021172999204212193,0.020468926311145497,-0.012290281679007928,-0.001061710292119529,0.00950900592509947,-0.005608394258072247,-0.00144698709429979,-0.0007423061615906847,-0.01657945855015461,-0.004730801506532114,0.017479621936002804,-0.016143850779640437,-0.004378917810953923,0.0043148223240624655,-0.00967615339353332,-0.0044593714483519824,-0.004809830911870525,-0.025263785827387544,0.0004962016656896752,0.02345823068628819,-0.008436712578375418,0.002255497226714865,0.014703189526136475,-0.0015406351226111732,0.001565397259752402,0.0033252185886891547,-0.007895131272921676
Often Care Adult,1,0.0168349836860227,-0.1627516428801363,0.09772195689761318,0.008441825021916975,-0.07560759723992971,0.044593222211355935,0.011505221292208868,0.005902192693573233,0.13182587479595942,-0.005583484223307733,-0.19160726957384627,0.06941452973600634,-0.01842333848148119,-0.11982086135322467,0.013668817943922398,-0.010370114777569318,-0.025015917775538455,0.0773082301338657,0.03925345159535314,-0.13389601618642633,0.12602938405922,0.035306988525315136,-0.031394333126634755,0.07551762647878947,0.03338055736198706,0.03682030316268492,0.18634351945805314
Often Do Activities With Grandchildren,0,0.04914741121033233,-0.015699434814604,-0.040834941261818504,-0.021419731482912437,0.0386207935470939,-0.0032460905713443395,0.010922117046672404,-0.009308667301100486,0.0005381293714427533,0.040826049231280775,-0.024506669113360253,-0.05082324923880546,-0.026262896843304087,0.03340097354790947,-0.007136799164768243,0.0014485686957621067,-0.013664805603848139,-0.005725806255854509,0.057468773189383884,-0.0068922005158477476,-0.030846633284831542,-0.016576566122520786,0.04384061354627833,0.0006446180220795648,0.020395665397582703,-0.004952528998352834,0.006802064998740016
Often Do Activities With Grandchildren,1,-0.15653923041752485,0.0500042094455536,0.13006321435555174,0.06822390436264178,-0.12301094098533513,0.01033911059382512,-0.03478799299721379,0.029649000418168616,-0.0017139937912539621,-0.1909957943068522,0.022059081079574706,0.10372876705610534,0.05371484978260405,-0.14024826565076096,-0.0013488424146285913,-0.0641987457816667,0.016931969863864933,-0.02027101702745878,-0.12208266652819749,0.0779493378115325,0.15639766165499813,0.08273295894267951,-0.10577361631990931,0.02202706360227883,-0.005377240212760877,0.042366030972472296,0.016843029444950856
Often Volunteer Youth,0,-0.0004490185586149859,0.00198830711265925,0.005684796569161204,0.0025031148473034217,0.00390798624038045,-0.008636700351328111,-0.008659410653340338,0.0045061953757507675,0.0010149122792748148,-0.003840097093679988,-0.00018217684707576417,0.0011607099818728471,-0.000323338187910326,0.0014211032966490065,-0.01102123255903989,-0.011719061377663265,0.0019954964036666806,-0.005456354709658046,0.0029420599764500167,0.004158791072394264,0.01020888315644956,0.005329567882517169,0.006394869184111894,-0.006252168143616333,-0.005599759929017412,0.007016894347834854,0.007486179268207676
Often Volunteer Youth,1,0.008969551447995737,-0.03971823123842214,-0.11355894833336477,-0.050001980925651494,-0.0780655564644673,0.17252589376508443,0.1729795525691359,-0.09001532449391292,-0.02027378986792345,-0.07929330982330302,-0.08958223017804107,-0.22324535049281233,-0.11231650381633712,-0.1311066107900907,0.12864015449030103,0.12463612791926176,-0.14066528999886882,-0.12605241953147353,0.09723241271929448,0.010145767701196781,-0.0038725461739172184,0.012312541965034125,-0.025024502138843913,0.21641163303986782,0.22132297721901006,-0.03936535898895701,0.08550483979562665
Often Charity Work,0,0.02877396680991986,0.005892700581600905,0.0011756321446148952,0.00401723360205297,-0.018300063461798965,0.0017409084195069099,0.002444455214733863,0.0010898475622275956,-0.023019375481823236,0.025324418558956688,0.0027358751931738754,-0.004399389106702265,-0.0006855241635901291,-0.021238970201865173,-0.0021339212061679417,-0.0002116605578515113,-0.001398334187235497,-0.032148267365517305,0.03222351506088303,0.009049525970027936,0.006750653395932055,0.00871999136769607,-0.015361156721732756,0.0056157380451817614,0.005100570987319237,0.003578029311690688,-0.013890483598129166
Often Charity Work,1,-0.2641820344536501,-0.054102572591306554,-0.01079381559675664,-0.036883372837562364,0.16801812652061038,-0.01598377905629152,-0.022443243784398624,-0.010006202764311843,0.2113474824939326,-0.318631028858666,-0.09211665245941411,-0.06716341446068236,-0.08389227044354113,0.14456066567174247,-0.05021133690390324,-0.045029079618120874,-0.030179974119846374,0.15757544891383718,-0.20973304004863424,-0.01608849272319899,0.04557578326716907,0.010125524768416397,0.19147558736947828,0.018243778791320196,0.00014259204932362546,0.010167568591222685,0.265119516074028
Often Education,0,0.0005549263506246542,0.007236308348782417,0.00018813963469048196,0.004975106193303174,0.0012115030351821559,-0.008895378489697334,0.004283834866343007,-0.0027348474390235314,-0.004011392262522097,-0.00200196850700074,0.005615740516618247,-0.0010435540728703098,0.0027769902976567938,-0.001306666266720712,-0.011404949171091229,0.0019872239255603425,-0.004625953807242143,-0.006941372538787571,0.003111821208250048,0.008856876180946587,0.0014198333422512737,0.007173222088949554,0.003729672337085024,-0.006385807808303438,0.006580445807125672,-0.0008437410708049193,-0.0010814119862566224
Often Education,1,-0.018767609178125796,-0.24473194835582132,-0.0063628824452321,-0.16825809145751336,-0.040973032649860505,0.30084170052156384,-0.14487929517972048,0.09249254038777584,0.13566528631849734,-0.14312545084150818,-0.33008794769737504,-0.05057775994302148,-0.2579793774811932,-0.1316036881124084,0.24163690925946635,-0.22607009000130576,0.04032450179274232,0.06835348449709806,0.1055902324852566,-0.1593759490142676,0.03785199505255728,-0.0785368054338335,0.0496576228126874,0.3600464917836613,-0.0636885003581352,0.14466057898280935,0.20297708813989662
Often Attend Sports/Social/Club,0,0.029255908055323025,0.004557646295094876,0.00472947511260244,0.019543134716041098,-0.03568478691465676,0.000372387960441224,-0.0004718445194139458,0.0055961383018105215,-0.018038587018499197,0.027106668602698194,0.0017729589598891107,-1.6437100641586433e-05,0.01305560333193697,-0.04498284765986041,-0.00483726360093378,-0.00636595371653957,-0.0007047314430825404,-0.027354745436079762,0.03140514750794786,0.007342333630300641,0.009475387325846466,0.026030666100145226,-0.026386726169453117,0.005582039521816228,0.005422264677711678,0.011897008046703583,-0.00872242860091863
Often Attend Sports/Social/Club,1,-0.17530046111864236,-0.02730927016980545,-0.028338862923706184,-0.11710183532663984,0.21382209669344535,-0.0022313366946919927,0.0028272772006650926,-0.03353188090884056,0.1080866338618506,-0.1938966079891443,-0.04727150157367223,-0.05901312082810299,-0.16355623050294144,0.1672820048628711,-0.031310333101355864,-0.030933729707216424,-0.06559355522907043,0.0686905265229539,-0.15670431424814044,-0.007347038765938677,0.0023353949806906235,-0.07064744015033825,0.2603621885240196,0.02684765971197188,0.03658828410854661,-0.0014702065886106966,0.1474827412007473
Often Attend Non Religious Orgs,0,-0.015170018520104618,0.0025858060426678653,0.0035457046219149195,0.014142316685506865,-0.003530614993051069,0.01067265736702986,0.0008722488452544877,-0.012285814056015209,0.0027733142158395396,-0.019659439579777362,0.0004080781856181286,0.0015075473156508485,0.011769309408009949,-0.006810213103272256,0.008858397528738725,-0.003108171328875646,-0.014298683910706007,-0.003530042362751345,-0.010680597460431873,0.004763533899717602,0.005583861928178991,0.016515323963003783,-0.00025101688282988185,0.012486917205320995,0.004852669019384622,-0.010272944201324411,0.009076670794430424
Often Attend Non Religious Orgs,1,0.3346445807315794,-0.05704185382865338,-0.07821683507018938,-0.3119738866186978,0.07788396385333185,-0.23543458072567197,-0.019241462937368864,0.27102017629527586,-0.0611782096222616,0.24056081785704475,-0.11754689601157317,-0.1284658158497413,-0.3947743967413381,0.010043958589893626,-0.2844513620023249,-0.1055131827997728,0.23485543823513216,-0.19197771078152343,0.428728343606114,0.0034631883542664207,-0.027967854290637466,-0.2291733764960575,0.14572396911677007,-0.18641779944901904,0.06703025692503507,0.30718491435541956,0.06962129153700024
Often Pray Privately,0,0.03282357631835967,0.03387267030527136,0.030560201380591456,0.005961029973401361,0.031187674933906867,-0.055160438928634266,-0.054577560332911085,-0.023253829374012668,-0.03186052562143617,0.020655491944810457,0.01704000051961842,0.013298561651733445,-0.004507021699948172,0.016359504090433033,-0.07488738787843989,-0.06934579906641698,-0.03828592768347316,-0.053610726918696915,0.04499166069190889,0.0507053400909243,0.04782184110944947,0.016429081646750894,0.0460158457773807,-0.03543348997882864,-0.03980932159940519,-0.008221731064552179,-0.01011032432417542
Often Pray Privately,1,-0.02215078286419366,-0.022858757305577543,-0.020623358603641086,-0.004022763373103468,-0.02104680516222767,0.03722467331258965,0.0368313213790641,0.0156926996689465,0.021500874192821037,-0.031277274618572236,-0.03498312613169327,-0.032415187654644254,-0.01130808634101904,-0.031228615390564617,0.025323913341197282,0.028064536580306963,0.005995465515185315,0.007892981257743632,-0.013024291109815081,-0.010734388479461811,-0.008831529552637921,0.003262559594812104,-0.010864994933890726,0.049125433283982015,0.045598106177821236,0.025389933822707683,0.03510876712789844
Often Read,0,0.24975858494307565,0.00755634506628991,-0.005983668648515163,-0.013269677233241956,0.07750025557374919,-0.03741038012452929,-0.22894597471293482,-0.1346883066500214,-0.04585825402694671,0.23177012398591867,-0.018589020572888543,-0.021504701741808147,-0.04482163154653159,0.05578923306719349,-0.06449656302922846,-0.26001791869875646,-0.1702294700848883,-0.08081800873603752,0.2677470459002326,0.03370171070546836,0.009537364444777822,0.018282277080047683,0.09921127808030489,-0.010324197219830116,-0.19787403072711318,-0.0991471432151545,-0.0108984993178559
Often Read,1,-0.05389343767277261,-0.0016305241798069718,0.0012911687237368613,0.002863359123653466,-0.016723169673385822,0.008072491241954994,0.04940244845411792,0.02906332873942501,0.009895391406652606,-0.059676481651963424,-0.00816840104771751,-0.002147797416509939,-0.003754405278892363,-0.021684346358754825,0.00302541912303952,0.044563638545315414,0.023563516593289,0.004402381083837881,-0.0481103936935818,0.004907352688103565,0.004730134863983661,0.009481123526199295,-0.011761992988016822,0.013119563360870466,0.05424125836292042,0.03456314088556102,0.01538840172946733
Often Watch Television,0,-0.03363104161196321,0.059565758304105765,0.046093127352381164,0.3526931399938822,0.023603023452620293,-0.18622019491656255,-0.11854055228147636,-0.32670273678168726,0.052630969525672755,-0.10768019700633219,0.009565414753806775,-0.014015621895477101,0.2946070553094503,-0.055811924331414575,-0.2666181080242516,-0.21845523453457263,-0.42438341327402973,-0.04090229533529871,0.040418113782405764,0.10956610185440475,0.10620187660023943,0.41077922467831407,0.10301797123665515,-0.10582228180887347,-0.018625870028380093,-0.2290220602893448,0.14616423438664422
Often Watch Television,1,0.0008719892934156637,-0.001544427439823603,-0.0011951076037152453,-0.00914466597509182,-0.0006119817512759522,0.004828337405025782,0.0030735322925073425,0.00847078398255406,-0.0013646214844605792,-0.0009850575111416439,-0.002864218874098966,-0.002723349153441421,-0.010957092159603343,-0.0027738033261399957,0.002982687577846868,0.0007759843732982235,0.006569962841932426,-0.0038853526995889574,0.0027290360979729715,-0.0002246360055482401,0.0003331339460109302,-0.0073322397905802965,0.0015498398235880913,0.006673987232204697,0.0053710802117164615,0.010371605123175693,0.001156109730667799
Often Do Word Games,0,0.07690304395975814,0.12119066833485397,-0.0015263842935497962,0.01613560913978492,-0.049378304233062796,-0.01014501482315397,0.007684578907585929,-0.09007957410157197,-0.13425865497205655,0.0676968568602823,0.11273959446653917,-0.01419161142194982,0.0035217494568333483,-0.06048411983986522,-0.018191906622319502,-0.0027223323663432986,-0.101625994756815,-0.15404766230152653,0.08610923105923397,0.12964174220316876,0.011138842834850228,0.02874946882273649,-0.03827248862626037,-0.0020981230239884366,0.01809149018151516,-0.07853315344632894,-0.11446964764258659
Often Do Word Games,1,-0.12174413635765866,-0.1918552568446427,0.002416397687266517,-0.025544057792508176,0.07817010477251929,0.016060431478197752,-0.012165349694946863,0.14260371745753306,0.21254300423617856,-0.14151799812036037,-0.208289175390262,-0.018096852233333238,-0.04658733809172676,0.061962663944959064,0.004569882130575759,-0.02824177234573613,0.1292740544280669,0.19158387040701136,-0.10197027459495693,-0.17542133829902337,0.022929647607866276,-0.004500777493289598,0.09437754560007952,0.027550980825819745,0.003911072955842403,0.15593338048699923,0.23350213806534575
Often Play Cards And Games,0,0.019128107446797493,-0.01714358187246711,-0.002769214892200281,0.02894845316463712,0.004896144375964679,-0.012095207832757218,0.041475443889176365,-0.03529216333536688,-0.02299908283276415,0.014347492403684856,-0.021693519794376583,-0.009952722845216453,0.022243962702642357,-7.393649058650299e-05,-0.015715295851084634,0.03232728521153975,-0.04087745232022889,-0.03433072365237611,0.02390872248991013,-0.012593643950557638,0.00441429306081589,0.035652943626631885,0.00986622524251586,-0.008475119814429801,0.05062360256681298,-0.02970687435050488,-0.01166744201315219
Often Play Cards And Games,1,-0.07698166186019943,0.06899487711733157,0.011144791247253366,-0.1165039478732654,-0.019704684941652943,0.048677539171082085,-0.166919210688186,0.14203440626600033,0.09256052239621816,-0.09957884450572836,0.05031517404005931,-0.01809946375295779,-0.1477477120346905,-0.03998547309188831,0.03566989510748394,-0.20756872136812943,0.12459269913594773,0.05430630595424047,-0.0543844792146705,0.08767458019460384,0.040389046247464526,-0.08526018371184028,0.0005761032085824271,0.06168518323468023,-0.12626970000824256,0.15947611339605294,0.13081473883819586
Often Do Writing,0,0.012157775084707924,0.0025599317391720635,0.015353948746334369,0.01861491340927541,-0.004592475429653039,-0.0029856773398602775,0.0146912670825866,-0.0049786358183477744,-0.07038980032473657,0.008436242828933868,-0.002131241116758214,0.011232552443486393,0.013940926230820258,-0.010944825281748772,-0.007769490168579791,0.008644435761070084,-0.011207783352914606,-0.08293772083275423,0.01587930734048198,0.007251104595102341,0.019475345049182344,0.02328890058773056,0.0017598744224426926,0.0017981354888592358,0.020738098404103116,0.0012505117162190582,-0.05784187981671892
Often Do Writing,1,-0.06756609091332032,-0.014226663959127604,-0.08532863041512755,-0.1034512419411897,0.02552240111658403,0.016592719077076604,-0.0816458176284615,0.02766846384170298,0.3911870070777734,-0.09699992901005565,-0.046055472389235984,-0.11240557647119734,-0.1344002076455248,-0.009438296273856953,-0.007794481777206503,-0.11487359875807214,-0.0003842023511484924,0.3577266060936657,-0.038132252816584986,0.017602144470980775,-0.058251684359057754,-0.0725022762368546,0.06048309850702502,0.040979919931359715,-0.04841803649885086,0.05572113003455445,0.42464740806188106
Often Use Computer,0,0.3080634359060232,0.2035723698189307,0.13176878256314953,-0.06082933927916511,-0.038663235894927664,-0.10561743351221345,-0.14907277562323523,-0.25632316997096205,-0.2957272309935089,0.2911285624871199,0.1913293065292271,0.11635964567464063,-0.0719661082929832,-0.053920367495405686,-0.1178183452988425,-0.165111992609449,-0.285333409856715,-0.33686232963124235,0.3249983093249265,0.2158154331086343,0.14717791945165842,-0.04969257026534703,-0.023406104294449642,-0.0934165217255844,-0.13303355863702146,-0.2273129300852091,-0.25459213235577544
Often Use Computer,1,-0.20395416973825975,-0.1347755975841799,-0.08723785270409946,0.04027221650606302,0.025597092213014167,0.06992428653052031,0.09869400467275764,0.1696993970165749,0.19578695436181237,-0.22817578932049024,-0.14612719771302285,-0.1006608055366936,0.03349627076050436,0.016754100693338818,0.06416506440927149,0.0908567172645478,0.16021241682101053,0.18677612455009238,-0.17973255015602926,-0.12342399745533693,-0.07381489987150533,0.04704816225162167,0.034440083732689517,0.07568350865176914,0.10653129208096748,0.1791863772121393,0.20479778417353237
Often Maintenance/Gardening,0,0.07805992955557009,0.0015665806322689088,-0.022001330583353736,-0.0032198221836971857,-0.01170786728586826,-0.0317847001838259,-0.004992978691308848,0.017960398546856552,-0.029679245232600578,0.06963649526733716,-0.005011200004242397,-0.03489669398585451,-0.019798850855188243,-0.020122906827643484,-0.047397372908826944,-0.01722242006711215,0.006392756558888801,-0.046983314500581935,0.08648336384380302,0.008144361268780214,-0.009105967180852966,0.01335920648779387,-0.0032928277440930336,-0.01617202745882485,0.007236462684494456,0.0295280405348243,-0.012375175964619217
Often Maintenance/Gardening,1,-0.062335047052123636,-0.0012509987900246565,0.017569244360467397,0.0025712009793366986,0.009349360962785293,0.02538179053935684,0.003987161702873698,-0.01434234305446293,0.023700471657851496,-0.07133222245659937,-0.007287610242741506,0.007592148125838484,-0.010784757100169691,0.002687990295182083,0.014260719798373827,-0.004657231202463023,-0.022531022279274046,0.012742141516993113,-0.0533378716476479,0.004785612662692193,0.027546340595096308,0.01592715905884309,0.016010731630388506,0.036502861280339846,0.01263155460821042,-0.006153663829651811,0.03465880179870988
Often Bake Or Cook,0,0.01735575416190098,-0.007444363899170612,0.0282225466417748,0.01651741014075524,0.014896705582733412,0.0006521060053322216,-0.06973331250559028,-0.028374641642511512,0.04856246316145446,0.005063462497294504,-0.01983737173142408,0.012480445138035406,0.006639923729364059,0.007108807482047465,-0.012310993424971292,-0.09002417091359233,-0.03530536932024886,0.032370375120336595,0.029648045826507458,0.004948643933082858,0.04396464814551419,0.02639489655214642,0.022684603683419357,0.013615205435635736,-0.04944245409758824,-0.021443913964774165,0.06475455120257233
Often Bake Or Cook,1,-0.026499642058519342,0.011366430801055857,-0.04309160967655601,-0.02521961606396881,-0.022745042486263495,-0.0009956683854999947,0.10647234362246875,0.043323836005692465,-0.07414762154695224,-0.050286932985179826,-0.00947375737712617,-0.0688174648694358,-0.04092255720395595,-0.03500539023302051,-0.01935775346571018,0.08270821220609534,0.03450692667805407,-0.09654219656026095,-0.002712351131858859,0.032206618979237885,-0.017365754483676214,-0.009516674923981675,-0.010484694739506481,0.01736641669471019,0.13023647503884217,0.05214074533333086,-0.05175304653364354
Often Sew Or Knit,0,0.008330459691295117,0.024126189479926757,-0.0032105940923159884,0.01748853279607661,-0.003015688325228962,-0.005930298797153265,-0.010889878352385706,-0.011571697931166958,-0.00823013015136537,0.006023733552238862,0.02204103176090679,-0.0052616954587098854,0.014286083013328255,-0.004660306664086936,-0.010037241572409534,-0.013900580101780014,-0.01444822629808229,-0.01284216401768332,0.010637185830351371,0.026211347198946723,-0.0011594927259220913,0.020690982578824964,-0.0013710699863709885,-0.0018233560218969963,-0.007879176602991398,-0.008695169564251627,-0.00361809628504742
Often Sew Or Knit,1,-0.13743165410312497,-0.3980215078522589,0.05296673570388639,-0.2885168500980879,0.04975128025993308,0.09783502990479481,0.1796556313109662,0.19090394124633728,0.13577646877855531,-0.19122852258625322,-0.4510797892620849,0.019908173371661113,-0.3632167525738759,0.022890445611671226,0.03960797486780618,0.14008025906166552,0.1565323354243383,0.07658823593284447,-0.08363478561999671,-0.34496322644243294,0.08602529803611167,-0.2138169476222999,0.07661211490819493,0.15606208494178345,0.2192310035602669,0.22527554706833625,0.19496470162426616
Often Do Hobby,0,-0.0026380301021015707,0.01417535007593814,-0.010419225723702016,-0.0042816565239243085,0.012382928083890698,-0.008172562527040444,-0.03078806686309438,0.000999364329329939,0.03834289450895294,-0.007476117045084134,0.009297553051228915,-0.01665623930919337,-0.010277065487996607,0.004887335716964137,-0.01327509780012772,-0.03676715896787468,-0.008322848510724724,0.0273190246411794,0.002200056840880993,0.019053147100647365,-0.0041822121382106645,0.00171375244014799,0.01987852045081726,-0.003070027253953167,-0.024808974758314086,0.010321577169384602,0.04936676437672648
Often Do Hobby,1,0.00714431368439222,-0.03838968609489956,0.0282173493241472,0.011595583110052734,-0.03353544847426416,0.022132935576425827,0.08338024923626093,-0.002706478689548492,-0.10384023507589704,-0.010793051586634576,-0.05477202203617504,0.011107320869574375,-0.004773453994376519,-0.055019465605373935,0.009808109058031336,0.07001970655036502,-0.023822400273602082,-0.12986268325976583,0.025081678955419014,-0.022007350153624077,0.04532737777872003,0.027964620214481987,-0.012051431343154385,0.03445776209482032,0.09674079192215684,0.018409442894505097,-0.07781778689202827
Often Play Sport/Exercise,0,0.04213108229907453,0.005411921829238352,-0.03013805668960964,0.023641932543386254,-0.013118172262343011,0.0025408316131847433,0.0006465319743771743,-0.018824547519410987,-0.011993149517743985,0.03336635959965854,-0.0029598392732609422,-0.038216396174828804,0.014018292407435374,-0.018960894106149567,-0.0071191800636656935,-0.0054980866183882504,-0.028439344834412503,-0.027556155518308284,0.050895804998490515,0.013783682931737646,-0.022059717204390476,0.033265572679337135,-0.007275450418536453,0.01220084329003518,0.006791150567142599,-0.009209750204409473,0.003569856482820313
Often Play Sport/Exercise,1,-0.06280484657458607,-0.008067557290509819,0.04492683128837374,-0.03524305251818094,0.019555272528414044,-0.0037876202302410617,-0.0009637858616609674,0.028061771838664158,0.017878199996408054,-0.08260742905890976,-0.02292211124745809,0.033093902083127,-0.05069114705785952,0.011126681344344061,-0.017019121588500108,-0.009409384375671105,0.016212411798531938,0.002610120990055108,-0.04300226409026238,0.006786996666438455,0.056759760493620484,-0.019794957978502357,0.027983863712484028,0.009443881128017983,0.0074818126523491695,0.03991113187879638,0.033146279002761
Often Walk For 20 Mins,0,-0.027415375416543757,-0.004764778993848585,-0.04545707746891885,-0.04804657907465628,0.037579334725707896,-0.0199971194650922,0.056168117786536215,0.04580422292682266,0.01627800117978949,-0.04564083165804392,-0.01190792978032187,-0.0605056528739986,-0.06089145699132542,0.03116250379907238,-0.03220373168946136,0.03949134689773293,0.03376491695209165,0.0022468913112311598,-0.009189919175043595,0.0023783717926247,-0.03040850206383909,-0.03520170115798714,0.04399616565234341,-0.0077905072407230425,0.0728448886753395,0.05784352890155367,0.03030911104834782
Often Walk For 20 Mins,1,0.023523972075668288,0.004088454974444251,0.03900479219318117,0.04122673380578831,-0.03224523491939077,0.01715868094976962,-0.0481954820708379,-0.039302663002311014,-0.013967463125454372,0.004029249420111625,-0.0027555747982044134,0.026579601711627654,0.030758833485429182,-0.038166769078880496,0.007598462414498214,-0.062125678815318025,-0.04908776830933628,-0.022417517591861134,0.04301869473122495,0.010932484747092915,0.051429982674734684,0.05169463412614744,-0.026323700759901043,0.026718899485041026,-0.03426528532635778,-0.029517557695285745,-0.00551740865904761
Self Ongoing Health Problems,0,0.06322687163786318,-0.03944966897965842,-0.08487683451231819,0.008567306882480308,-0.026620054045077855,-0.004811936862280604,-0.00503642551084909,0.039178617206810484,0.12617161135848473,0.04962579904423102,-0.05853167612619743,-0.1118119630969037,-0.00995576288732811,-0.04783595493641839,-0.019030277388813674,-0.024804185677285533,0.018993991791355587,0.10465527601817917,0.07682794423149535,-0.020367661833119406,-0.05794170592773268,0.027090376652288726,-0.00540415315373732,0.009406403664252468,0.014731334655587354,0.05936324262226538,0.1476879466987903
Self Ongoing Health Problems,1,-0.02586902761063524,0.016140678000175906,0.03472702537108607,-0.0035052801530504212,0.010891491153206681,0.0019687851751378762,0.0020606338290038166,-0.016029778225854066,-0.051622622049141254,-0.0304430907807215,0.009449084596040451,0.025295609226215737,-0.011127763113096455,0.0024730179142483863,-0.004174391443491441,-0.006394325287952413,-0.025305670823262755,-0.06396172063090505,-0.02129496444054898,0.022832271404311363,0.04415844151595641,0.004117202806995613,0.019309964392164976,0.008111961793767193,0.010515592945960045,-0.006753885628445377,-0.03928352346737746
Ongoing Phy/Emot Problems In Sp/Chld,0,0.007835560383648008,0.017536883107613734,0.02515084107668962,-0.0030169297381170985,-0.011283096615612252,0.024684604216383552,-0.050850340556193585,-0.007185639269215832,-0.020841784700286227,-0.004719246779191531,0.003799129905926053,0.013601951750720053,-0.016732284137660928,-0.02084793357045392,0.01815175328463591,-0.066801317830429,-0.01804747592016494,-0.04156858943237291,0.020390367546487546,0.03127463630930141,0.036699730402659184,0.010698424661426731,-0.0017182596607705838,0.031217455148131193,-0.03489936328195817,0.003676197381733277,-0.00011497996819954254
Ongoing Phy/Emot Problems In Sp/Chld,1,-0.009950242260330066,-0.022269783763775457,-0.031938616960489816,0.003831146760007893,0.014328208740034331,-0.031346550856268036,0.0645739657128195,0.009124918706931186,0.02646662098836869,-0.02530081305832961,-0.040156841068016966,-0.04658640200431438,-0.013373674075483424,0.0023319119363200275,-0.040243514162543625,0.04633390547511159,-0.004958687296371972,-0.000250985210185177,0.005400328537669478,-0.0043827264595339525,-0.017290831916665247,0.02103596759549921,0.026324505543748634,-0.022449587549992447,0.08281402595052739,0.023208524710234345,0.053184227186922554
Ongoing Drug/Alcohol Probs Fam Mbr,0,-0.012985252089946985,0.02343110983427682,-0.014927447981879881,-0.018521510798988762,-0.02040805068993507,0.014155767724881696,0.014104658655286657,0.005024766368516591,0.024934849791984848,-0.017320997020235703,0.020087139158136393,-0.01966521029025826,-0.022978730753313192,-0.026348993529955855,0.009494995279199805,0.007742477529278593,0.0002342819876449782,0.015604426832707106,-0.008649507159658266,0.026775080510417246,-0.010189685673501502,-0.014064290844664332,-0.014467107849914288,0.018816540170563587,0.02046683978129472,0.009815250749388205,0.03426527275126259
Ongoing Drug/Alcohol Probs Fam Mbr,1,0.05755241994935942,-0.10384989553694296,0.06616049877772347,0.08208987859583006,0.09045128238706011,-0.06274030593820422,-0.06251378352522527,-0.022270454372785704,-0.11051467747118403,0.039551216508135284,-0.11943655154770688,0.04722366485360976,0.06480398468223612,0.06689109457337744,-0.08545587488508705,-0.09186429153801781,-0.04411598327307763,-0.1596682994328547,0.07555362339058355,-0.08826323952617904,0.08509733270183717,0.09937577250942399,0.11401147020074279,-0.04002473699132139,-0.03316327551243273,-0.0004249254724937833,-0.06136105550951335
Ongoing Difficulties At Work,0,0.02598836170636957,0.004586688394226647,0.010739674011098451,-0.0015885147216490323,-0.0040481030228843055,-0.0029105463572120676,-0.004349180513114021,-0.017604823563914306,-0.009851139672628729,0.022206429485182536,0.00014393068136552868,0.00683485920467255,-0.0049583252902652905,-0.0090961200745594,-0.006065603280700887,-0.009101328452134322,-0.0228648578720108,-0.019061270549851173,0.0297702939275566,0.009029446107087766,0.014644488817524353,0.0017812958469672255,0.0009999140287907885,0.00024451056627675235,0.00040296742590628046,-0.012344789255817813,-0.0006410087954062844
Ongoing Difficulties At Work,1,-0.17377206977614443,-0.0306690488876656,-0.07181119774749935,0.01062165803945898,0.02706777937376724,0.019461467805729257,0.029080944313956674,0.1177152551326632,0.06586998249093251,-0.2112147985361758,-0.06274856924215953,-0.10029312959050106,-0.01157638305158228,-0.00575901064833316,-0.0016771231037420592,-0.0011087003614969476,0.08547245912001816,0.012081748175433185,-0.13632934101611305,0.0014104714668283329,-0.043329265904497635,0.03281969913050024,0.05989456939586764,0.040600058715200574,0.059270588989410296,0.14995805114530825,0.11965821680643184
Ongoing Financial Strain,0,0.016358927049447025,-0.014060632061620944,0.04802462935992291,-0.05068905216475305,-0.008009643916387503,0.04647355415025307,-0.016960280867829785,-0.014475825215203996,-0.010539134427418696,0.003520289966537046,-0.022800617937400996,0.035600339002353425,-0.05857416813229651,-0.019054114628430756,0.0392781058303309,-0.02271284451117542,-0.024322281665882007,-0.029018792019018653,0.029197564132357003,-0.005320646185840893,0.060448919717492396,-0.04280393619720959,0.0030348267956557488,0.05366900247017523,-0.011207717224484149,-0.004629368764525986,0.00794052316418126
Ongoing Financial Strain,1,-0.02236424357337727,0.019222250901373025,-0.0656543369427634,0.06929686193291529,0.010949961873457013,-0.06353386634681095,0.023186352702383208,0.019789860304401927,0.014408021300842275,-0.039697772015357125,0.007934316252373074,-0.08227025745287904,0.05950511651042752,-0.003945021229299413,-0.07552629086162732,0.01569798055051763,0.005522904182433558,-0.013289133694270833,-0.005030715131397415,0.030510185550372975,-0.049038416432647766,0.07908860735540305,0.025844944976213438,-0.05154144183199458,0.030674724854248787,0.0340568164263703,0.04210517629595538
Ongoing Housing Problems,0,-0.04061940425150459,-0.02326019589041639,-0.026602835635347127,0.02665636131427384,0.015370728835215603,0.016117921775710243,-0.0010517295937870312,0.04489749638819239,0.005936725479156834,-0.04782410067543094,-0.031094967313243734,-0.0352982717676509,0.022881138327829117,0.010149462641937,0.011530273535708579,-0.007901885850467789,0.04159445058197586,-0.0018577269710321111,-0.033414707827578244,-0.015425424467589047,-0.017907399503043354,0.030431584300718562,0.02059199502849421,0.020705570015711907,0.005798426662893727,0.04820054219440892,0.01373117792934578
Ongoing Housing Problems,1,0.18787294728926923,0.10758310312481766,0.12304348695314835,-0.12329105402708564,-0.07109272480649802,-0.07454864304339003,0.004864461756077984,-0.20765998733343263,-0.027458554195195488,0.1626224396845964,0.0755074508161075,0.08874629993708148,-0.14243253090097724,-0.09684399068959657,-0.0996012978552875,-0.027601535634118643,-0.2272731335243313,-0.07097141328287779,0.21312345489394208,0.1396587554335278,0.1573406739692152,-0.10414957715319403,-0.04534145892339947,-0.04949598823149255,0.037330459146274614,-0.18804684114253398,0.01605430489248682
Ongoing Problems Close Relationship,0,0.010018631311953683,0.01562474734296723,-0.023866027010308502,-0.010612073194205847,0.002571773687440903,0.018185021566492574,0.007997387024920128,-0.003703483767637063,-0.03547950718780209,0.0019705961818149605,0.013292134606019648,-0.030480961911718243,-0.01802221811255441,-7.928381984852705e-05,0.012634039420374782,-0.002013134742217466,-0.011458391108502945,-0.048392709002033595,0.018066666442092406,0.017957360079914813,-0.01725109210889876,-0.0032019282758572864,0.005222831194730333,0.023736003712610365,0.01800790879205772,0.004051423573228819,-0.02256630537357058
Ongoing Problems Close Relationship,1,-0.03402792705701441,-0.05306890196033062,0.08106011699208318,0.03604353142981532,-0.008734938408101049,-0.06176478284578917,-0.027162842294236295,0.012578751685534975,0.1205048918373581,-0.06314378585241245,-0.0613274218507929,0.060526768809921805,0.011597429953697422,-0.017850854603643197,-0.08363636229741986,-0.060421086706819914,-0.013464563759936678,0.08235857708223113,-0.004912068261616359,-0.04481038206986834,0.10159346517424456,0.06048963290593322,0.00038097778744109953,-0.039893203394158486,0.006095402118347325,0.03862206713100663,0.15865120659248508
Reg Help Ailing Friend/Fam,0,0.00762304301500087,0.052274067037162225,-0.006315731956667637,0.025954509999707293,0.006808650509485549,-0.0024216757763342693,-0.06014607998754618,-0.02721767988458845,-0.017850732918618238,0.0007084773484625148,0.045757718982497524,-0.013269267462720676,0.01905854881653276,-0.0009241170703099743,-0.016016791173163625,-0.06925894102458971,-0.03854307126429987,-0.035011290779913676,0.014537608681539225,0.05879041509182693,0.0006378035493854019,0.03285047118288183,0.014541418089281073,0.011173439620495084,-0.05103321895050265,-0.015892288504877027,-0.000690175057322804
Reg Help Ailing Friend/Fam,1,-0.015121974789826062,-0.10369705671896362,0.012528637086277276,-0.05148645299856246,-0.013506448954120863,0.004803924097869607,0.11931291788446392,0.053992227020413244,0.035410836937961626,-0.030002500341616327,-0.11974043490145003,-0.0008159795102385195,-0.06619172570814351,-0.02920432653857674,-0.021496244122968536,0.10460937008323246,0.0339441140342132,0.004128341397089147,-0.00024144923803579542,-0.08765367853647721,0.02587325368279307,-0.036781180288981405,0.0021914286303350156,0.031104092318707748,0.1340164656856954,0.07404034000661329,0.0666933324788341
Difficulty Paying Bills,0,0.0045833255201775756,-0.005728721947139774,-0.047222063592108024,0.002575668198489184,-0.008967049207273581,0.022339280218057426,0.011401010793289649,0.0052103272400935464,0.03459852023599447,-0.017346003673733935,-0.016018514512123896,-0.05738550604578692,-0.006512021567694198,-0.019189881558076882,0.011622555897336191,0.003578939632702659,-0.004961418822949669,0.017491136215736416,0.026512654714089083,0.004561070617844351,-0.03705862113842913,0.011663357964672567,0.0012557831435297193,0.03305600453877866,0.01922308195387664,0.015382073303136762,0.051705904256252516
Difficulty Paying Bills,1,-0.0037853894568849935,0.00473137759137134,0.039000917754362936,-0.002127256115689808,0.007405926849216512,-0.018450113447006002,-0.009416146827179443,-0.0043032330378328975,-0.028575075706183152,-0.02118284748131405,-0.003285705135377146,0.03127739360254933,-0.009534047956902434,-0.0011482668588987067,-0.028211846304734806,-0.015976212759404584,-0.01350114455218613,-0.045090209146307236,0.01361206856754406,0.012748460318119825,0.04672444190617654,0.005279535725522819,0.01596012055733173,-0.0086883805892772,-0.0028560808949543003,0.004894678476520336,-0.012059942266059068
Often Vigorous Activity,0,0.030172369076929433,0.021954405274021007,-0.018872377504368987,0.016862928123104817,-0.011541581421916079,-0.004159916658118609,0.0008911099922443203,-0.008277930593010057,-0.03780853502094047,0.023103941133829846,0.015555191508748038,-0.027980711748489533,0.005845956931325405,-0.02046849721623747,-0.009158229029588339,-0.008633521586877762,-0.015338714875028536,-0.05360485552204557,0.03724079702002902,0.028353619039293974,-0.00976404326024844,0.02787989931488423,-0.0026146656275946867,0.0008383957133511208,0.010415741571366403,-0.0012171463109915777,-0.022012214519835364
Often Vigorous Activity,1,-0.09270504510537265,-0.06745523117526689,0.057985655794125526,-0.05181159319227644,0.03546167765540765,0.012781404749564426,-0.002737948479094537,0.02543406276940049,0.11616727660819953,-0.12666913518340958,-0.09280628403342855,0.029281834510176925,-0.08833470179869797,0.009623748831657564,-0.0012241923680010001,-0.029583720786398808,0.008097472580547351,0.08588405940774554,-0.05874095502733573,-0.04210417831710522,0.08668947707807413,-0.015288484585854911,0.061299606479157734,0.026787001867129852,0.02410782382820973,0.042770652958253635,0.14645049380865352
Often Moderate Activity,0,0.08003279025010346,0.015523763500680087,0.04634569390108293,-0.043887198275756545,-0.0005022000692967961,-0.0073293661200028795,-0.00989497758547803,-0.02618344226409456,-0.10290673114546689,0.06490670235677631,0.006481449586723968,0.03495004761143613,-0.05365545924907815,-0.011376586884162869,-0.017866380998520677,-0.020453186392380876,-0.036096173620535944,-0.13071284327307806,0.0951588781434306,0.024566077414636206,0.05774134019072973,-0.03411893730243494,0.010372186745569275,0.0032076487585149163,0.000663231221424818,-0.016270710907653176,-0.07510061901785572
Often Moderate Activity,1,-0.0844738069463902,-0.016385176587494686,-0.04891741481413003,0.04632249735363205,0.0005300671333545873,0.007736072386402096,0.010444049541224746,0.02763636054793452,0.10861702201186235,-0.10850617094520003,-0.02772534057690227,-0.06252072223398981,0.03669847269496151,-0.010772104671002668,-0.0021050160655174902,0.0006494794202866125,0.019536901438789694,0.09205698703370216,-0.06044144294758037,-0.0050450125980871004,-0.03531410739427024,0.055946522012302595,0.011832238937711844,0.017577160838321684,0.02023861966216288,0.035735819657079344,0.12517705699002254
Often Mild Activity,0,0.16166272242445903,0.10806799391011393,0.04887343689593113,0.0042553919974748205,0.0027718883851557885,-0.03466493036817888,-0.1868118911871813,-0.09066310063791123,-0.10106013837956386,0.14612987835917793,0.09574113647852828,0.040210203168396616,-0.007935955456869813,-0.00880813075923621,-0.05135455467282554,-0.2064443237734993,-0.10928789697471307,-0.11988651615169482,0.17719556648974014,0.12039485134169958,0.05753667062346564,0.016446739451819452,0.014351907529547788,-0.017975306063532214,-0.1671794586008633,-0.0720383043011094,-0.0822337606074329
Often Mild Activity,1,-0.1432720551930742,-0.09577423512293952,-0.043313620130955216,-0.003771300816830339,-0.002456559803962551,0.030721465916760914,0.16556026759600687,0.08034931345808385,0.08956358959315627,-0.16471485897397864,-0.11112096916822986,-0.0519161847559466,-0.014528931932421888,-0.012669746546926484,0.017993694797269272,0.1538415860165993,0.06812215599291699,0.07882793409669452,-0.12182925141216976,-0.08042750107764918,-0.03471105550596383,0.006986330298761209,0.007756626939001381,0.04344923703625256,0.17727894917541442,0.09257647092325072,0.10029924508961803
Drink Alcohol,0,0.20240875566234162,0.10233701974518453,0.09615738503996464,-0.10580925761108519,-0.031248107504007944,-0.04368315252956395,-0.046785150921083055,-0.14046456580852473,-0.14517297144134111,0.18716679121397914,0.08589672428468216,0.08485776569115147,-0.1311040812843321,-0.04253329461957953,-0.05152812108105729,-0.05874603537848108,-0.1569643809152268,-0.1758144032518096,0.2176507201107041,0.11877731520568689,0.10745700438877781,-0.08051443393783828,-0.019962920388436355,-0.03583818397807061,-0.03482426646368503,-0.12396475070182267,-0.11453153963087262
Drink Alcohol,1,-0.12327853048196223,-0.06232910906846266,-0.058565357431919325,0.06444390089251861,0.019031888026932748,0.02660554299166603,0.028494837760622675,0.08555096937875951,0.08841865820687966,-0.13783580951341445,-0.07479582250968364,-0.0662925564272344,0.05103704972097766,0.012559953850000052,0.02237695918877632,0.02196500613230718,0.0785011850314202,0.07617184227595933,-0.10872125145051002,-0.049862395627241686,-0.050838158436604254,0.07785075206405957,0.025503822203865444,0.03083412679455574,0.03502466938893817,0.09260075372609883,0.1006654741378
Education,0,0.8937791999568241,0.13401437230345972,-0.014575010075959433,-0.14795841852959196,-0.25651013226210495,-0.32949277994796566,-0.4708615771416286,-0.5912190987321764,-0.49235944589383623,0.8275352296590491,0.09799619545285118,-0.10119867868496277,-0.17663957845715456,-0.3060779571189549,-0.3738357827360162,-0.533628096024524,-0.7085912171525449,-0.6796247090472183,0.960023170254599,0.17003254915406826,0.0720486585330439,-0.11927725860202937,-0.20694230740525502,-0.28514977715991513,-0.4080950582587331,-0.47384698031180783,-0.3050941827404542
Education,0,0.8937791999568241,0.13401437230345972,-0.014575010075959433,-0.14795841852959196,-0.25651013226210495,-0.32949277994796566,-0.4708615771416286,-0.5912190987321764,-0.49235944589383623,0.8275352296590491,0.09799619545285118,-0.10119867868496277,-0.17663957845715456,-0.3060779571189549,-0.3738357827360162,-0.533628096024524,-0.7085912171525449,-0.6796247090472183,0.960023170254599,0.17003254915406826,0.0720486585330439,-0.11927725860202937,-0.20694230740525502,-0.28514977715991513,-0.4080950582587331,-0.47384698031180783,-0.3050941827404542
Education,1,0.8396813176570221,0.13467795077086786,0.040353361360008305,-0.12359293268975359,-0.24034460295858295,-0.3237079890738358,-0.4236542341272719,-0.5528100370822766,-0.45794203354985924,0.7241925912514983,0.09960202584312491,-0.004983409876598802,-0.17649985721863753,-0.3199398266736803,-0.38223811182834194,-0.5051544485889695,-0.6168492791103776,-0.6274822640978537,0.955170044062546,0.1697538756986108,0.08569013259661541,-0.07068600816086965,-0.1607493792434856,-0.26517786631932966,-0.34215401966557424,-0.4887707950541756,-0.28840180300186474
Education,2,0.8396813176570221,0.13467795077086786,0.040353361360008305,-0.12359293268975359,-0.24034460295858295,-0.3237079890738358,-0.4236542341272719,-0.5528100370822766,-0.45794203354985924,0.7241925912514983,0.09960202584312491,-0.004983409876598802,-0.17649985721863753,-0.3199398266736803,-0.38223811182834194,-0.5051544485889695,-0.6168492791103776,-0.6274822640978537,0.955170044062546,0.1697538756986108,0.08569013259661541,-0.07068600816086965,-0.1607493792434856,-0.26517786631932966,-0.34215401966557424,-0.4887707950541756,-0.28840180300186474
Education,4,0.6642541692296057,0.16335058882117942,0.057378632128619926,-0.0627153484562305,-0.1346207857295626,-0.2285341181504795,-0.27471124525502544,-0.5340953171130364,-0.4773912742212007,0.5215200499150188,0.13415816362180716,0.01816125556197548,-0.11902303434335254,-0.2183302777706584,-0.28056065445221784,-0.4013864849368666,-0.60658766136092,-0.5763039302406423,0.8069882885441926,0.19254301402055168,0.09659600869526437,-0.006407662569108463,-0.05091129368846681,-0.17650758184874113,-0.14803600557318425,-0.4616029728651527,-0.3784786182017591
Education,5,0.44334721017088863,0.194767181962166,0.06149571556372415,-0.01458995026562839,-0.0400441782591589,-0.15056145880024696,-0.12162812155888446,-0.47968479978652606,-0.4938607963456468,0.3968613083040848,0.1740639892125775,0.0350596916588335,-0.032981774333927905,-0.06257217958331869,-0.18170124859872844,-0.15663313984436608,-0.5527438800851984,-0.5581440222382396,0.4898331120376925,0.21547037471175448,0.0879317394686148,0.003801873802671123,-0.01751617693499911,-0.11942166900176547,-0.08662310327340284,-0.4066257194878537,-0.429577570453054
Education,6,0.44334721017088863,0.194767181962166,0.06149571556372415,-0.01458995026562839,-0.0400441782591589,-0.15056145880024696,-0.12162812155888446,-0.47968479978652606,-0.4938607963456468,0.3968613083040848,0.1740639892125775,0.0350596916588335,-0.032981774333927905,-0.06257217958331869,-0.18170124859872844,-0.15663313984436608,-0.5527438800851984,-0.5581440222382396,0.4898331120376925,0.21547037471175448,0.0879317394686148,0.003801873802671123,-0.01751617693499911,-0.11942166900176547,-0.08662310327340284,-0.4066257194878537,-0.429577570453054
Education,7,0.44334721017088863,0.194767181962166,0.06149571556372415,-0.01458995026562839,-0.0400441782591589,-0.15056145880024696,-0.12162812155888446,-0.47968479978652606,-0.4938607963456468,0.3968613083040848,0.1740639892125775,0.0350596916588335,-0.032981774333927905,-0.06257217958331869,-0.18170124859872844,-0.15663313984436608,-0.5527438800851984,-0.5581440222382396,0.4898331120376925,0.21547037471175448,0.0879317394686148,0.003801873802671123,-0.01751617693499911,-0.11942166900176547,-0.08662310327340284,-0.4066257194878537,-0.429577570453054
Education,8,0.3606762800688388,0.1524455067767509,0.051346354244960334,0.007017210301080431,0.012089870799306079,-0.08330272186841418,-0.1109298919636415,-0.37899010332572874,-0.40206032676312037,0.3022523728878276,0.13968234820130587,0.03158909608264569,-0.01186030051209173,-0.00890672444067769,-0.11259965494167384,-0.13859692195619558,-0.4334515668343183,-0.4518389297579267,0.41910018724985,0.16520866535219592,0.07110361240727497,0.025894721114252593,0.033086466039289844,-0.054005788795154525,-0.08326286197108743,-0.3245286398171392,-0.352281723768314
Education,9,0.25374539374600874,0.13173477051619378,0.04823232723165267,0.03580095317179748,0.050267523512253054,-0.05294760384771327,-0.08259643199013461,-0.33799254294467806,-0.3725287291261949,0.21673815098625565,0.12240450484135766,0.03592583145312221,0.017215925633577225,0.03340474587072026,-0.07093609829957134,-0.10216009308971602,-0.3888294529109762,-0.42137907814057,0.29075263650576183,0.1410650361910299,0.060538823010183124,0.05438598071001774,0.06713030115378585,-0.0349591093958552,-0.0630327708905532,-0.2871556329783799,-0.32367838011181976
Education,10,0.25447973326709067,0.13069846241063113,0.04556132974590568,0.03660179950067003,0.05307487281605856,-0.05243990204168856,-0.08186289015538015,-0.3383404365124476,-0.3762032171621244,0.21745172855839762,0.12152903415352347,0.0332671276149609,0.017930960495566903,0.03631992448216427,-0.07067207076392253,-0.10191454610592683,-0.3892754763086976,-0.42615994463558665,0.2915077379757837,0.1398678906677388,0.05785553187685046,0.05527263850577316,0.06982982114995286,-0.03420773331945459,-0.06181123420483346,-0.28740539671619764,-0.32624648968866216
Education,11,0.06280707769017874,0.07047784970728396,0.09269358469848393,0.035721461435259234,0.04661361682984043,-0.006667119321928452,-0.013631951765161241,-0.1191840729979155,-0.1710306521986249,0.049743605286593,0.06103926841217406,0.08387233578710382,0.025916373043594385,0.03710068026449291,-0.017259630054806886,-0.022570324722058825,-0.13940262541473014,-0.19851270346951683,0.07587055009376448,0.07991643100239386,0.10151483360986405,0.045526549826924084,0.05612655339518795,0.003925391410949981,-0.0046935788082636595,-0.09896552058110086,-0.14354860092773297
Education,12,-0.11907069098166675,-0.056441551043563194,0.01767957824293919,-0.0360150406099054,-0.006846217825918828,0.0642842236649783,0.027410365461613267,0.14917934037609654,0.1354861528412263,-0.14180181628226954,-0.06689273322484296,0.0007382587426129801,-0.05285961444071017,-0.020089960255409867,0.03973300570656571,0.014651183726516357,0.12563755812306474,0.11257278707064844,-0.09633956568106396,-0.04599036886228343,0.034620897743265405,-0.019170466779100635,0.006397524603572211,0.08883544162339088,0.040169547196710176,0.17272112262912834,0.15839951861180418
Education,13,-0.12797098917885805,-0.06078928964448594,0.01868288058091508,-0.0266835286828897,0.003660288697819693,0.03790833758405116,0.033097847023640554,0.16164797599761668,0.13417267727643278,-0.14889361836367923,-0.07127171466677369,0.003825185094635381,-0.03932697590280453,-0.007090224852863884,0.028532914806771774,0.02248615732838638,0.14104309023173275,0.11359974720940921,-0.10704835999403686,-0.050306864622198195,0.03354057606719478,-0.014040081462974871,0.01441080224850327,0.04728376036133055,0.04370953671889473,0.1822528617635006,0.15474560734345635
Education,14,-0.12797098917885805,-0.06078928964448594,0.01868288058091508,-0.0266835286828897,0.003660288697819693,0.03790833758405116,0.033097847023640554,0.16164797599761668,0.13417267727643278,-0.14889361836367923,-0.07127171466677369,0.003825185094635381,-0.03932697590280453,-0.007090224852863884,0.028532914806771774,0.02248615732838638,0.14104309023173275,0.11359974720940921,-0.10704835999403686,-0.050306864622198195,0.03354057606719478,-0.014040081462974871,0.01441080224850327,0.04728376036133055,0.04370953671889473,0.1822528617635006,0.15474560734345635
Education,15,-0.20739618289047987,-0.126704894610674,-0.1313102138234394,-0.03864954741221105,-0.010873354376031107,0.03850339823238817,0.07494124000012282,0.2763005168336494,0.300100266084459,-0.23045063570714633,-0.1394146816935589,-0.16026877955277521,-0.058315988026136203,-0.03312323768170388,0.024243257764027776,0.0688067644788467,0.2576148317925965,0.2523668219964588,-0.1843417300738134,-0.1139951075277891,-0.10235164809410362,-0.018983106798285895,0.011376528929641666,0.05276353870074857,0.08107571552139894,0.29498620187470237,0.3478337101724592
Education,16,-0.2522813360672349,-0.1665866268920715,-0.23609615275873058,-0.004754373685159822,-0.1133531066093897,0.0387135910626158,0.08523305795458344,0.31417632157820746,0.5061900440795342,-0.2829388355518079,-0.18847455803518962,-0.26657039076479805,-0.030670736350121047,-0.15990262383597686,0.01587872237071709,0.07386395687070502,0.2985583458006743,0.45104652241727716,-0.22162383658266194,-0.14469869574895336,-0.2056219147526631,0.021161988979801406,-0.06680358938280255,0.061548459754514506,0.09660215903846187,0.3297942973557406,0.5613335657417912
Smoking,0,-0.008774297686427578,-0.027194304105945685,0.013422373114834246,0.01525122719499496,-0.008479715358203181,0.0032063241181887435,-0.0005484473974810529,0.017306783717240756,0.01717991607606966,-0.016554171173589136,-0.03177018366880061,0.008255205910319854,0.010203335515159279,-0.014877379581560822,-0.0017033730553720292,-0.007292625367881619,0.0141980349930379,0.00793086100622938,-0.0009944241992660228,-0.022618424543090758,0.01858954031934864,0.020299118874830643,-0.0020820511348455407,0.008116021291749516,0.006195730572919513,0.02041553244144361,0.02642897114590994
Smoking,1,0.04257377717767465,0.13194950580481543,-0.06512670786979237,-0.07400049228899236,0.04114443401534888,-0.01555740794825362,0.002661122078197982,-0.0839742598179396,-0.08335868522960188,0.010236497693120787,0.11171748224073877,-0.08972887312826494,-0.10170378869236123,0.011285857741381664,-0.04063721056006871,-0.030479034601311236,-0.10166761527930887,-0.14109525321149732,0.07491105666222853,0.1521815293688921,-0.040524542611319804,-0.04629719588562349,0.0710030102893161,0.009522394663561463,0.0358012787577072,-0.06628090435657033,-0.02562211724770644
Age,60,-0.23654405845543297,-0.13760212181913434,-0.04327932986020629,-0.007319521115106094,0.03076298239181835,0.1145296067898435,0.10790152002413683,0.14262312014686293,0.26544473870340846,-0.26642543401523056,-0.15000084212973597,-0.07532104786864924,-0.017028005440470423,0.01909009362938756,0.0992480980576479,0.09448273354230814,0.13246951697119003,0.2373494041414819,-0.20666268289563539,-0.1252034015085327,-0.011237611851763356,0.0023889632102582336,0.04243587115424914,0.1298111155220391,0.12132030650596552,0.15277672332253583,0.293540073265335
Age,60,-0.23654405845543297,-0.13760212181913434,-0.04327932986020629,-0.007319521115106094,0.03076298239181835,0.1145296067898435,0.10790152002413683,0.14262312014686293,0.26544473870340846,-0.26642543401523056,-0.15000084212973597,-0.07532104786864924,-0.017028005440470423,0.01909009362938756,0.0992480980576479,0.09448273354230814,0.13246951697119003,0.2373494041414819,-0.20666268289563539,-0.1252034015085327,-0.011237611851763356,0.0023889632102582336,0.04243587115424914,0.1298111155220391,0.12132030650596552,0.15277672332253583,0.293540073265335
Age,61,-0.23127932759534037,-0.1446035066280549,-0.043800590332073085,-0.00542037682639147,0.032173851888398,0.11601608729398484,0.1070171606637742,0.14488416304952106,0.2612309738885724,-0.25571131445966944,-0.15840555786577618,-0.07572581141335921,-0.01386435686967421,0.02021149951135732,0.0994934037508116,0.09443776038008625,0.13306598014999524,0.23863421810624721,-0.2068473407310113,-0.13080145539033364,-0.011875369250786957,0.0030236032168912703,0.044136204265438676,0.1325387708371581,0.11959656094746215,0.1567023459490469,0.28382772967089764
Age,62,-0.23127932759534037,-0.1446035066280549,-0.043800590332073085,-0.00542037682639147,0.032173851888398,0.11601608729398484,0.1070171606637742,0.14488416304952106,0.2612309738885724,-0.25571131445966944,-0.15840555786577618,-0.07572581141335921,-0.01386435686967421,0.02021149951135732,0.0994934037508116,0.09443776038008625,0.13306598014999524,0.23863421810624721,-0.2068473407310113,-0.13080145539033364,-0.011875369250786957,0.0030236032168912703,0.044136204265438676,0.1325387708371581,0.11959656094746215,0.1567023459490469,0.28382772967089764
Age,63,-0.23127932759534037,-0.1446035066280549,-0.043800590332073085,-0.00542037682639147,0.032173851888398,0.11601608729398484,0.1070171606637742,0.14488416304952106,0.2612309738885724,-0.25571131445966944,-0.15840555786577618,-0.07572581141335921,-0.01386435686967421,0.02021149951135732,0.0994934037508116,0.09443776038008625,0.13306598014999524,0.23863421810624721,-0.2068473407310113,-0.13080145539033364,-0.011875369250786957,0.0030236032168912703,0.044136204265438676,0.1325387708371581,0.11959656094746215,0.1567023459490469,0.28382772967089764
Age,64,-0.23354379184797097,-0.14837020360458844,-0.03399039761372613,-0.0008657976666581074,0.03156608226552157,0.11556928934887378,0.1080065093110476,0.14123415215984125,0.2549849752402732,-0.2592866433879365,-0.1647566519894933,-0.05922114307780823,-0.009744739650996627,0.0207706653084989,0.09998942700871143,0.09596484332278236,0.1314269162614352,0.23912068923452132,-0.20780094030800544,-0.13198375521968359,-0.008759652149644033,0.008013144317680413,0.042361499222544244,0.13114915168903613,0.12004817529931285,0.1510413880582473,0.2708492612460251
Age,65,-0.23354379184797097,-0.14837020360458844,-0.03399039761372613,-0.0008657976666581074,0.03156608226552157,0.11556928934887378,0.1080065093110476,0.14123415215984125,0.2549849752402732,-0.2592866433879365,-0.1647566519894933,-0.05922114307780823,-0.009744739650996627,0.0207706653084989,0.09998942700871143,0.09596484332278236,0.1314269162614352,0.23912068923452132,-0.20780094030800544,-0.13198375521968359,-0.008759652149644033,0.008013144317680413,0.042361499222544244,0.13114915168903613,0.12004817529931285,0.1510413880582473,0.2708492612460251
Age,66,-0.2327832998659859,-0.14819858514452813,-0.03276776035837563,0.0006433034986046838,0.03212306127509755,0.11526939332217348,0.10703590881251104,0.1397059267178185,0.2532824224387091,-0.2584729802905678,-0.16465903899117262,-0.059075497086434524,-0.008879864629164538,0.021461792945931438,0.09936763415376287,0.0953741902355785,0.1292051689130778,0.23504243074334225,-0.20709361944140398,-0.13173813129788364,-0.006460023630316732,0.010166471626373904,0.04278432960426366,0.1311711524905841,0.11869762738944359,0.15020668452255923,0.2715224141340759
Age,67,-0.2327832998659859,-0.14819858514452813,-0.03276776035837563,0.0006433034986046838,0.03212306127509755,0.11526939332217348,0.10703590881251104,0.1397059267178185,0.2532824224387091,-0.2584729802905678,-0.16465903899117262,-0.059075497086434524,-0.008879864629164538,0.021461792945931438,0.09936763415376287,0.0953741902355785,0.1292051689130778,0.23504243074334225,-0.20709361944140398,-0.13173813129788364,-0.006460023630316732,0.010166471626373904,0.04278432960426366,0.1311711524905841,0.11869762738944359,0.15020668452255923,0.2715224141340759
Age,68,-0.22727721669186018,-0.14354277529816128,0.005680624899740146,0.005937618262839255,0.03676184147301177,0.09416262416002015,0.107153390668389,0.12693852771286582,0.21895538656604724,-0.25285034338562073,-0.15828850906277347,-0.012995398786227953,-0.004475541414067978,0.027443666600915115,0.0832846524031236,0.09532065156759799,0.11939192261403656,0.20051395884890194,-0.20170408999809963,-0.1287970415335491,0.024356648585708244,0.01635077793974649,0.04608001634510843,0.1050405959169167,0.11898612976918001,0.13448513281169508,0.23739681428319254
Age,69,-0.22697797762220956,-0.1448372624778395,0.009196406988161205,0.007759031151749565,0.03708378133668676,0.09180332504137859,0.10648142160514279,0.12749107517004893,0.21589644798657798,-0.25234773842191527,-0.16054091291209854,-0.012285925322366482,-0.005340884808478199,0.027599023915575803,0.08170327306940112,0.09398343092134837,0.1203878576546218,0.19780554628303557,-0.20160821682250388,-0.12913361204358048,0.03067873929868889,0.02085894711197733,0.04656853875779771,0.10190337701335606,0.11897941228893721,0.13459429268547604,0.2339873496901204
Age,70,-0.20346825212763253,-0.12841244823556353,0.03237759786356375,0.01643593174211703,0.03876351629281059,0.06603617065782953,0.09373654867064563,0.11682312725905988,0.17952996916546637,-0.23821344009871204,-0.15016467043866974,0.0023648823297040718,-0.0018623076744282048,0.029166628907971507,0.04341374519616725,0.07335652087941957,0.10121256642136008,0.13655610353084507,-0.16872306415655303,-0.10666022603245731,0.06239031339742343,0.03473417115866226,0.04836040367764968,0.08865859611949181,0.11411657646187168,0.13243368809675968,0.22250383480008767
Age,71,-0.1590924939942494,-0.08082701927868946,0.05783838784359967,0.021599248525330614,0.0401324764408957,0.031240657425848087,0.062157022245500085,0.09412203258617528,0.11257187436457577,-0.20064239074676382,-0.11147965453553635,0.035547982357670274,0.006351395459002401,0.03112825567490038,0.011421046645139182,0.041215612615602526,0.07965502502441663,0.08093651231283858,-0.117542597241735,-0.05017438402184257,0.08012879332952906,0.036847101591658826,0.049136697206891025,0.05106026820655699,0.08309843187539764,0.10858904014793394,0.14420723641631297
Age,72,-0.15444870696766416,-0.07764142544282415,0.059595137949789684,0.02387543187244441,0.04012225478787485,0.02875276049375534,0.057966814050349674,0.09153338300982672,0.10692504954357054,-0.19381819168326336,-0.10769355834489097,0.04044238885445585,0.01122920311379688,0.03111378263188927,0.012653761926499783,0.03937221781080032,0.07986465862574454,0.08550908279823631,-0.11507922225206496,-0.047589292540757326,0.07874788704512352,0.03652166063109194,0.049130726943860434,0.044851759061010896,0.07656141028989903,0.10320210739390889,0.12834101628890476
Age,73,-0.10587409738738618,-0.04072680387848162,0.0779389917359798,0.02858096283089674,0.030307752764017988,0.009042091734021372,0.03006278608327094,0.06292634291662734,0.05584189617252924,-0.16518035107672743,-0.08262057527647435,0.06107002483081178,0.014920195181436072,0.017380926614058708,-0.01030827527397985,-0.0009796727911229458,0.034394428721287965,0.017507035387948386,-0.04656784369804493,0.0011669675195111126,0.09480795864114783,0.04224173048035741,0.043234578913977265,0.02839245874202259,0.061105244957664825,0.09145825711196671,0.0941767569571101
Age,74,0.10770399524319309,0.09614931818955648,0.08700617750900463,0.043158050687985776,0.005348090502108905,-0.07428993502973665,-0.060770830987791055,-0.04584105217707765,-0.15592767806256536,0.08043029170636132,0.08168507545772415,0.06340915422523741,0.02726673776763227,-0.005855799117753304,-0.09799155597354686,-0.0776401656996322,-0.06086209049233014,-0.18854291437561455,0.13497769878002486,0.11061356092138881,0.11060320079277186,0.05904936360833928,0.016551980121971115,-0.05058831408592643,-0.04390149627594992,-0.030820013861825164,-0.12331244174951617
Age,75,0.10770399524319309,0.09614931818955648,0.08700617750900463,0.043158050687985776,0.005348090502108905,-0.07428993502973665,-0.060770830987791055,-0.04584105217707765,-0.15592767806256536,0.08043029170636132,0.08168507545772415,0.06340915422523741,0.02726673776763227,-0.005855799117753304,-0.09799155597354686,-0.0776401656996322,-0.06086209049233014,-0.18854291437561455,0.13497769878002486,0.11061356092138881,0.11060320079277186,0.05904936360833928,0.016551980121971115,-0.05058831408592643,-0.04390149627594992,-0.030820013861825164,-0.12331244174951617
Age,76,0.10969222585913856,0.09770278477592115,0.08611913157144084,0.0438593886715363,0.0053564277948309705,-0.07502577142628314,-0.06216547284479883,-0.04681074024617088,-0.15870312382978063,0.08324786534274578,0.08207267835547485,0.06162395250420405,0.028031887028759046,-0.005854536708476013,-0.09765885111856458,-0.079642020530181,-0.06191476709195932,-0.19101548289432657,0.13613658637553133,0.11333289119636744,0.11061431063867763,0.059686890314313554,0.016567392298137952,-0.0523926917340017,-0.04468892515941665,-0.03170671340038244,-0.1263907647652347
Age,77,0.1181987117003867,0.10097140111185264,0.08476316738981916,0.04724972868814903,0.003487715413091387,-0.07807580527647591,-0.06604199245215132,-0.05135137455396349,-0.1703703411655419,0.0961806302198437,0.08642890824194832,0.061376171996272114,0.027069457620930684,-0.008291064755236166,-0.09958602612827291,-0.0874620080817543,-0.0653252849974092,-0.20244611480386665,0.14021679318092972,0.11551389398175696,0.10815016278336621,0.06742999975536737,0.015266495581418939,-0.056565584424678905,-0.04462197682254834,-0.03737746411051779,-0.13829456752721714
Age,78,0.2283278369636337,0.15475695285241875,0.08089812061894751,0.07867154563167568,0.002722580264760964,-0.12620745297631528,-0.14317234430151257,-0.11527351149482154,-0.294338126944562,0.16983195041828308,0.11160344336344886,0.060844029258141544,0.0542858629032234,-0.015323426296114643,-0.15692241880013036,-0.19141911067205522,-0.15032378066843483,-0.3639520990593323,0.28682372350898433,0.19791046234138865,0.10095221197975347,0.10305722836012796,0.02076858682563657,-0.0954924871525002,-0.09492557793096992,-0.08022324232120825,-0.22472415482979174
Age,79,0.22881280133227697,0.15481568425894826,0.08146444112652282,0.07944388169730625,0.0030011378282054726,-0.12691090331319527,-0.14412595972177436,-0.11597106257195883,-0.2951500553265624,0.17049976685998663,0.11168888960265513,0.061851607712945,0.05584855064535599,-0.014977443485770387,-0.15723106922443558,-0.1914788254928751,-0.15040613123834248,-0.3646865704899277,0.2871258358045673,0.1979424789152414,0.10107727454010064,0.10303921274925651,0.020979719142181334,-0.09659073740195494,-0.09677309395067361,-0.08153599390557517,-0.22561354016319715
Age,80,0.5547475821700283,0.2901343523168224,-0.009450925105423622,0.05633700109975692,-0.059395962934784635,-0.24271269385967753,-0.26338385965817235,-0.3441909093791151,-0.49655757881932266,0.4762388772081292,0.2542843765683975,-0.049341593178962265,0.030109191008863095,-0.08066488032041047,-0.2852206030075263,-0.31973115180030365,-0.4065792870215219,-0.5823329391684131,0.6332562871319274,0.3259843280652473,0.030439742968115024,0.08256481119065075,-0.0381270455491588,-0.2002047847118288,-0.20703656751604105,-0.28180253173670833,-0.4107822184702322
Age,81,0.5535245741887764,0.29352649240593576,-0.007939339880610206,0.04610369567481031,-0.06382402745436114,-0.23793294561015954,-0.25947036194153233,-0.3426276226183411,-0.49867839800386254,0.47586430022763243,0.2547677101095396,-0.046089491743826136,0.026530113555108467,-0.08919266429818586,-0.2756910071581651,-0.31225043445500406,-0.40402493716885524,-0.5858979685390528,0.6311848481499204,0.33228527470233193,0.030210811982605723,0.06567727779451216,-0.03845539061053642,-0.200174884062154,-0.20669028942806061,-0.281230308067827,-0.41145882746867224
Age,82,0.5535245741887764,0.29352649240593576,-0.007939339880610206,0.04610369567481031,-0.06382402745436114,-0.23793294561015954,-0.25947036194153233,-0.3426276226183411,-0.49867839800386254,0.47586430022763243,0.2547677101095396,-0.046089491743826136,0.026530113555108467,-0.08919266429818586,-0.2756910071581651,-0.31225043445500406,-0.40402493716885524,-0.5858979685390528,0.6311848481499204,0.33228527470233193,0.030210811982605723,0.06567727779451216,-0.03845539061053642,-0.200174884062154,-0.20669028942806061,-0.281230308067827,-0.41145882746867224
Age,83,0.8422318379914181,0.47760690715652576,-0.14484202559906562,-0.2091975825625086,-0.2210994916434909,-0.2871179432100111,-0.3100102825700748,-0.5506162657747631,-0.7866607532792417,0.8002879180336911,0.4409499212244018,-0.19627209734281564,-0.2544997134193562,-0.26150090176053686,-0.34167042407651516,-0.3389822874489644,-0.629392016916027,-0.9016355160630669,0.884175757949145,0.5142638930886497,-0.09341195385531559,-0.163895451705661,-0.18069808152644498,-0.23256546234350706,-0.28103827769118517,-0.47184051463349913,-0.6716859904954164
Age,84,0.8422318379914181,0.47760690715652576,-0.14484202559906562,-0.2091975825625086,-0.2210994916434909,-0.2871179432100111,-0.3100102825700748,-0.5506162657747631,-0.7866607532792417,0.8002879180336911,0.4409499212244018,-0.19627209734281564,-0.2544997134193562,-0.26150090176053686,-0.34167042407651516,-0.3389822874489644,-0.629392016916027,-0.9016355160630669,0.884175757949145,0.5142638930886497,-0.09341195385531559,-0.163895451705661,-0.18069808152644498,-0.23256546234350706,-0.28103827769118517,-0.47184051463349913,-0.6716859904954164
Age,85,0.8422318379914181,0.47760690715652576,-0.14484202559906562,-0.2091975825625086,-0.2210994916434909,-0.2871179432100111,-0.3100102825700748,-0.5506162657747631,-0.7866607532792417,0.8002879180336911,0.4409499212244018,-0.19627209734281564,-0.2544997134193562,-0.26150090176053686,-0.34167042407651516,-0.3389822874489644,-0.629392016916027,-0.9016355160630669,0.884175757949145,0.5142638930886497,-0.09341195385531559,-0.163895451705661,-0.18069808152644498,-0.23256546234350706,-0.28103827769118517,-0.47184051463349913,-0.6716859904954164
Age,86,0.8422318379914181,0.47760690715652576,-0.14484202559906562,-0.2091975825625086,-0.2210994916434909,-0.2871179432100111,-0.3100102825700748,-0.5506162657747631,-0.7866607532792417,0.8002879180336911,0.4409499212244018,-0.19627209734281564,-0.2544997134193562,-0.26150090176053686,-0.34167042407651516,-0.3389822874489644,-0.629392016916027,-0.9016355160630669,0.884175757949145,0.5142638930886497,-0.09341195385531559,-0.163895451705661,-0.18069808152644498,-0.23256546234350706,-0.28103827769118517,-0.47184051463349913,-0.6716859904954164
Age,87,0.8422318379914181,0.47760690715652576,-0.14484202559906562,-0.2091975825625086,-0.2210994916434909,-0.2871179432100111,-0.3100102825700748,-0.5506162657747631,-0.7866607532792417,0.8002879180336911,0.4409499212244018,-0.19627209734281564,-0.2544997134193562,-0.26150090176053686,-0.34167042407651516,-0.3389822874489644,-0.629392016916027,-0.9016355160630669,0.884175757949145,0.5142638930886497,-0.09341195385531559,-0.163895451705661,-0.18069808152644498,-0.23256546234350706,-0.28103827769118517,-0.47184051463349913,-0.6716859904954164
Age,88,0.8422318379914181,0.47760690715652576,-0.14484202559906562,-0.2091975825625086,-0.2210994916434909,-0.2871179432100111,-0.3100102825700748,-0.5506162657747631,-0.7866607532792417,0.8002879180336911,0.4409499212244018,-0.19627209734281564,-0.2544997134193562,-0.26150090176053686,-0.34167042407651516,-0.3389822874489644,-0.629392016916027,-0.9016355160630669,0.884175757949145,0.5142638930886497,-0.09341195385531559,-0.163895451705661,-0.18069808152644498,-0.23256546234350706,-0.28103827769118517,-0.47184051463349913,-0.6716859904954164
Age,89,0.8422318379914181,0.47760690715652576,-0.14484202559906562,-0.2091975825625086,-0.2210994916434909,-0.2871179432100111,-0.3100102825700748,-0.5506162657747631,-0.7866607532792417,0.8002879180336911,0.4409499212244018,-0.19627209734281564,-0.2544997134193562,-0.26150090176053686,-0.34167042407651516,-0.3389822874489644,-0.629392016916027,-0.9016355160630669,0.884175757949145,0.5142638930886497,-0.09341195385531559,-0.163895451705661,-0.18069808152644498,-0.23256546234350706,-0.28103827769118517,-0.47184051463349913,-0.6716859904954164
Age,90,0.8422318379914181,0.47760690715652576,-0.14484202559906562,-0.2091975825625086,-0.2210994916434909,-0.2871179432100111,-0.3100102825700748,-0.5506162657747631,-0.7866607532792417,0.8002879180336911,0.4409499212244018,-0.19627209734281564,-0.2544997134193562,-0.26150090176053686,-0.34167042407651516,-0.3389822874489644,-0.629392016916027,-0.9016355160630669,0.884175757949145,0.5142638930886497,-0.09341195385531559,-0.163895451705661,-0.18069808152644498,-0.23256546234350706,-0.28103827769118517,-0.47184051463349913,-0.6716859904954164
Age,91,0.8939146669484189,0.48438353888882435,-0.14798843345442886,-0.2556306910205725,-0.25566974336733916,-0.3215685810411572,-0.3475803320866839,-0.5856779899519823,-0.8103331325731328,0.8313072922622052,0.44222164660969554,-0.198145440260503,-0.30682095983017343,-0.32536563840628085,-0.3979162889399984,-0.3955724166924596,-0.6575175309331864,-0.9217588486306427,0.9565220416346326,0.5265454311679532,-0.09783142664835473,-0.20444042221097158,-0.1859738483283975,-0.245220873142316,-0.2995882474809081,-0.5138384489707781,-0.6989074165156228
Age,92,1.0528346924395764,0.4760298878566339,-0.15228056461666134,-0.3649074329486856,-0.35890803127665616,-0.41235944984298806,-0.4332745309448356,-0.6639029429706185,-0.8616305149937076,0.9108956705668326,0.4228221570530412,-0.20729344362321014,-0.44361541731431475,-0.46515292395450253,-0.5058471714742867,-0.5252123804533643,-0.7644625905190505,-0.9831705820345729,1.19477371431232,0.5292376186602266,-0.09726768561011254,-0.28619944858305646,-0.2526631385988098,-0.3188717282116894,-0.3413366814363069,-0.5633432954221864,-0.7400904479528423
Age,93,1.0528346924395764,0.4760298878566339,-0.15228056461666134,-0.3649074329486856,-0.35890803127665616,-0.41235944984298806,-0.4332745309448356,-0.6639029429706185,-0.8616305149937076,0.9108956705668326,0.4228221570530412,-0.20729344362321014,-0.44361541731431475,-0.46515292395450253,-0.5058471714742867,-0.5252123804533643,-0.7644625905190505,-0.9831705820345729,1.19477371431232,0.5292376186602266,-0.09726768561011254,-0.28619944858305646,-0.2526631385988098,-0.3188717282116894,-0.3413366814363069,-0.5633432954221864,-0.7400904479528423
Age,94,1.0833049121133786,0.4591185482803658,-0.16403320535843618,-0.3772172732875985,-0.3705291832280539,-0.4224586212153118,-0.4417739107084317,-0.6720765054405894,-0.8657661365923376,0.93460944677429,0.3751066157922905,-0.22026868259853438,-0.45023395798353494,-0.47740132243285793,-0.508718176497194,-0.5346885256825216,-0.7664611023175326,-0.98342084203987,1.2320003774524673,0.5431304807684411,-0.107797728118338,-0.3042005885916621,-0.26365704402324985,-0.33619906593342963,-0.3488592957343418,-0.5776919085636462,-0.7481114311448052
Age,96,1.0833049121133786,0.4591185482803658,-0.16403320535843618,-0.3772172732875985,-0.3705291832280539,-0.4224586212153118,-0.4417739107084317,-0.6720765054405894,-0.8657661365923376,0.93460944677429,0.3751066157922905,-0.22026868259853438,-0.45023395798353494,-0.47740132243285793,-0.508718176497194,-0.5346885256825216,-0.7664611023175326,-0.98342084203987,1.2320003774524673,0.5431304807684411,-0.107797728118338,-0.3042005885916621,-0.26365704402324985,-0.33619906593342963,-0.3488592957343418,-0.5776919085636462,-0.7481114311448052
